Remove,GNN,GCDF,STR,Claims,Beneficiaries,STRENGTH,INGREDIENT
,ACETAMINOPHEN WITH CODEINE,TA,300MG-30MG,1781124,581513,30,CODEINE
,ACETAMINOPHEN WITH CODEINE,TA,300MG-60MG,148031,22353,60,CODEINE
,ACETAMINOPHEN WITH CODEINE,TA,300MG-15MG,31789,12496,15,CODEINE
,ACETAMINOPHEN WITH CODEINE,SE,120-12MG/5,19581,9244,12,CODEINE
,ACETAMINOPHEN WITH CODEINE,SJ,120-12MG/5,12426,7145,12,CODEINE
,ACETAMINOPHEN WITH CODEINE,TA,650MG-30MG,40,23,30,CODEINE
,ACETAMINOPHEN WITH CODEINE,SC,120-12MG/5,23,19,12,CODEINE
,ACETAMINOPHEN WITH CODEINE,SJ,300MG/12.5,3,3,30,CODEINE
,ACETAMINOPHEN WITH CODEINE,SJ,240-24/10,1,1,24,CODEINE
x,AMIODARONE HCL,TA,200 MG,1587891,159904,,
x,AMIODARONE HCL,TA,200MG,621115,67187,,
x,AMIODARONE HCL,TA,100 MG,28914,5526,,
x,AMIODARONE HCL,TA,400 MG,21427,9055,,
x,AMIODARONE HCL,TA,400MG,3042,1279,,
x,AMIODARONE HCL,TA,100MG,1914,405,,
x,AMIODARONE HCL,HV,50 MG/ML,4,4,,
x,AMIODARONE HCL,TA,300MG,3,1,,
x,AMIODARONE HCL,HH,50 MG/ML,1,1,,
,ASPIRIN/CODEINE PHOSPHATE,TA,325MG-30MG,1133,198,30,CODEINE
,ASPIRIN/CODEINE PHOSPHATE,TA,325MG-60MG,637,49,60,CODEINE
x,BROMPHENIRA/PSEUDOEPHED/CODEIN,SL,1.3-10-6.3,144,116,,
x,BROMPHENIRAM/PHENYLEPHRINE/DM,SJ,1-2.5-5/5,8,5,,
x,BROMPHENIRAM/PHENYLEPHRINE/DM,SL,4-10-30/5,4,3,,
x,BROMPHENIRAM/PHENYLEPHRINE/DM,SL,4-10-20/5,1,1,,
x,BROMPHENIRAMIN/PE/CODEINE PHOS,SL,4-7.5-10/5,26,21,,
x,BROMPHENIRAMIN/PE/DEXTROMETHOR,SL,2-5-10MG/5,30,27,,
x,BROMPHENIRAMIN/PE/DEXTROMETHOR,SL,4-10-30/5,24,17,,
x,BROMPHENIRAMIN/PE/DEXTROMETHOR,SL,2-7.5-15/5,23,23,,
x,BROMPHENIRAMIN/PE/DEXTROMETHOR,SL,4-7.5-15/5,13,13,,
x,BROMPHENIRAMIN/PE/DEXTROMETHOR,SJ,1-2.5-5/5,4,4,,
x,BROMPHENIRAMIN/PE/DEXTROMETHOR,SL,4-10-20/5,1,1,,
x,BROMPHENIRAMINE/CODEINE PHOS,SL,2MG-10MG/5,41,8,,
x,BROMPHENIRAMINE/PSEUDOEPHED/DM,ST,2-30-10/5,3,3,,
x,BROMPHENIRAMINE/PSEUDOEPHED/DM,SE,1-15-5MG/5,1,1,,
,BUPRENORPHINE,PK,10 MCG/HR,12960,3674,0.01,BUPRENORPHINE
,BUPRENORPHINE,PK,5 MCG/HR,10051,4094,0.005,BUPRENORPHINE
,BUPRENORPHINE,PK,20 MCG/HR,6477,1157,0.02,BUPRENORPHINE
,BUPRENORPHINE,PK,15 MCG/HR,3012,858,0.015,BUPRENORPHINE
,BUPRENORPHINE,PK,7.5 MCG/HR,671,289,0.0075,BUPRENORPHINE
,BUPRENORPHINE HCL,TU,8 MG,2921,307,8,BUPRENORPHINE
,BUPRENORPHINE HCL,TU,2 MG,1595,230,2,BUPRENORPHINE
,BUPRENORPHINE HCL,TU,2MG,173,47,2,BUPRENORPHINE
,BUPRENORPHINE HCL,TU,8MG,149,28,8,BUPRENORPHINE
,BUPRENORPHINE HCL,HH,0.3MG/ML,45,4,0.3,BUPRENORPHINE
x,BUPRENORPHINE HCL,PA,,8,1,,
,BUPRENORPHINE HCL,HV,0.3MG/ML,1,1,0.3,BUPRENORPHINE
,BUPRENORPHINE HCL/NALOXONE HCL,FI,8 MG-2 MG,10660,801,8,BUPRENORPHINE
,BUPRENORPHINE HCL/NALOXONE HCL,TU,8 MG-2 MG,6748,583,8,BUPRENORPHINE
,BUPRENORPHINE HCL/NALOXONE HCL,FI,2 MG-0.5MG,2411,317,2,BUPRENORPHINE
,BUPRENORPHINE HCL/NALOXONE HCL,TU,2 MG-0.5MG,2347,305,2,BUPRENORPHINE
,BUPRENORPHINE HCL/NALOXONE HCL,TU,8MG-2MG,2146,288,8,BUPRENORPHINE
,BUPRENORPHINE HCL/NALOXONE HCL,TU,2MG-0.5MG,1238,221,2,BUPRENORPHINE
,BUPRENORPHINE HCL/NALOXONE HCL,FI,4MG-1MG,520,88,4,BUPRENORPHINE
,BUPRENORPHINE HCL/NALOXONE HCL,FI,12 MG-3 MG,185,21,12,BUPRENORPHINE
,BUPRENORPHINE HCL/NALOXONE HCL,TU,5.7-1.4 MG,50,12,5.7,BUPRENORPHINE
,BUPRENORPHINE HCL/NALOXONE HCL,TU,1.4-0.36MG,26,6,1.4,BUPRENORPHINE
,BUPRENORPHINE HCL/NALOXONE HCL,FI,4.2-0.7 MG,8,3,4.2,BUPRENORPHINE
,BUPRENORPHINE HCL/NALOXONE HCL,FI,6.3MG-1MG,7,3,6.3,BUPRENORPHINE
,BUPRENORPHINE HCL/NALOXONE HCL,FI,2.1-0.3 MG,3,1,2.1,BUPRENORPHINE
,BUPRENORPHINE HCL/NALOXONE HCL,TU,8.6-2.1 MG,1,1,8.6,BUPRENORPHINE
,BUTALBIT/ACETAMIN/CAFF/CODEINE,CA,50-325-30,16189,2320,30,CODEINE
,BUTALBIT/ACETAMIN/CAFF/CODEINE,CA,50-300-30,1119,363,30,CODEINE
,BUTORPHANOL TARTRATE,AS,10 MG/ML,5800,572,10,BUTORPHANOL
,BUTORPHANOL TARTRATE,AS,10MG/ML,1852,282,10,BUTORPHANOL
,BUTORPHANOL TARTRATE,HV,2 MG/ML,228,21,2,BUTORPHANOL
,BUTORPHANOL TARTRATE,HV,2MG/ML,228,34,2,BUTORPHANOL
,BUTORPHANOL TARTRATE,HV,1MG/ML,144,10,1,BUTORPHANOL
,BUTORPHANOL TARTRATE,HV,1 MG/ML,101,9,1,BUTORPHANOL
x,CARBAMIDE PEROXIDE,SO,6.5 %,1018,652,,
x,CARBAMIDE PEROXIDE,SO,6.5%,69,61,,
x,CARBAMIDE PEROXIDE,SA,10 %,6,3,,
x,CHLORCYCLI/PSEUDOEPHED/CODEINE,SL,9.375-30/5,2,2,,
x,CHLORPHENIRAMINE/CODEINE PHOS,SL,2MG-10MG/5,59,52,,
x,CHLORPHENIRAMINE/CODEINE PHOS,SL,2MG-9MG/5,24,16,,
x,CHLORPHENIRAMINE/CODEINE PHOS,TA,4MG-20MG,1,1,,
x,CHLORPHENIRAMINE/DEXTROMETHORP,TA,4 MG-30 MG,2,2,,
x,CHLORPHENIRAMINE/PE/CODEINE,SL,2-5-10MG/5,1,1,,
,CODEINE PHOS/CARISOPRODOL/ASA,TA,16-200-325,1084,326,16,CODEINE
,CODEINE PHOS/PYRIL MAL,SL,9-8.33MG/5,7,4,9,CODEINE
,CODEINE PHOSPHATE,TH,30MG,30,14,30,CODEINE
x,CODEINE PHOSPHATE,PA,100%,22,8,,
,CODEINE PHOSPHATE,TH,60MG,1,1,60,CODEINE
,CODEINE SULF,TA,30 MG,3529,1117,30,CODEINE
,CODEINE SULF,TA,30MG,3521,992,30,CODEINE
,CODEINE SULF,TA,15MG,664,234,15,CODEINE
,CODEINE SULF,TA,15 MG,623,347,15,CODEINE
,CODEINE SULF,TA,60MG,513,92,60,CODEINE
,CODEINE SULF,TA,60 MG,309,85,60,CODEINE
,CODEINE SULFATE,TA,30 MG,5908,1509,30,CODEINE
,CODEINE SULFATE,TA,15 MG,1334,617,15,CODEINE
,CODEINE SULFATE,TA,60 MG,1074,138,60,CODEINE
,CODEINE/BUTALBIT/ACETAMIN/CAFF,CA,30-50-325,16036,2126,30,CODEINE
,CODEINE/BUTALBITAL/ASA/CAFFEIN,CA,30-50-325,46565,3864,30,CODEINE
,CODEINE/CARISOPRODOL/ASPIRIN,TA,16-200-325,221,42,16,CODEINE
x,CODEINE/PROMETHAZINE HCL,ST,10-6.25/5,21317,11955,,
x,DEXTROMETHOR/ACETAMIN/DIPHEN,SL,10-325MG/5,1,1,,
x,DEXTROMETHORPHAN HBR,SL,10 MG/5 ML,16,7,,
x,DEXTROMETHORPHAN HBR,CA,15 MG,6,2,,
x,DEXTROMETHORPHAN HBR,SL,15 MG/5 ML,6,1,,
x,DEXTROMETHORPHAN HBR,PA,,4,2,,
x,DEXTROMETHORPHAN HBR,ST,15 MG/5 ML,4,2,,
x,DEXTROMETHORPHAN HBR,SL,30 MG/5 ML,3,1,,
x,DEXTROMETHORPHAN HBR,ST,15MG/5ML,1,1,,
x,DEXTROMETHORPHAN HBR,ST,7.5MG/5ML,1,1,,
x,DEXTROMETHORPHAN HBR/B-CAINE,TL,5MG-7.5MG,6,4,,
x,DEXTROMETHORPHAN HBR/CHLOR-MAL,TA,30MG-4MG,12,3,,
x,DEXTROMETHORPHAN HBR/CHLOR-MAL,TA,30 MG-4 MG,8,4,,
x,DEXTROMETHORPHAN HBR/CHLOR-MAL,SL,15-2MG/5ML,1,1,,
x,DEXTROMETHORPHAN HBR/QUINIDINE,CA,20 MG-10MG,78528,6401,,
x,DEXTROMETHORPHAN POLISTIREX,PJ,30 MG/5 ML,104,50,,
x,DEXTROMETHORPHAN POLISTIREX,PJ,30MG/5ML,1,1,,
x,DEXTROMETHORPHAN/PHENYLEPHRINE,SL,5-2.5 MG/5,5,3,,
x,DEXTROMETHORPHAN/PHENYLEPHRINE,SL,5-2.5MG/5,1,1,,
,DHCODEINE BT/ACETAMINOPHN/CAFF,TA,32-713-60,2854,937,32,DIHYDROCODEINE
,DHCODEINE BT/ACETAMINOPHN/CAFF,CA,16-356-30,1158,426,16,DIHYDROCODEINE
,DHCODEINE BT/ACETAMINOPHN/CAFF,CA,16-320.5MG,109,67,16,DIHYDROCODEINE
,DIHYDROCODEINE/ASPIRIN/CAFFEIN,CA,16-356-30,280,58,16,DIHYDROCODEINE
x,DIHYDROCODEINE/ASPIRIN/CAFFEIN,CA,,2,1,,
x,DM HB/P-EPHED HCL/CARBINOX,SL,15-12.5-3,6,5,,
x,DM HB/P-EPHED HCL/CARBINOX,ST,12.5-60-4,6,6,,
x,DM HB/P-EPHED HCL/CARBINOX,ST,15-60-4/5,6,6,,
x,DM HB/P-EPHED HCL/CARBINOX,SO,4-15-1MG/1,2,2,,
x,DM HB/P-EPHED HCL/CARBINOX,SL,15-15-3/5,1,1,,
x,DM HB/PSEUDOEPHED/ACETAMIN/CP,TA,15-30-325,2,1,,
x,DM/PE/ACETAMINOPH/DIPHENHYDRAM,TM,30-18-575,2,2,,
x,DM/PE/ACETAMINOPH/DIPHENHYDRAM,TA,20-10-575,1,1,,
x,DM/P-EPHED/ACETAMINOPH/DOXYLAM,SL,30-7.5/30,2,2,,
x,DM/PHENYLEPH/CHLORPHENIRAMINE,ST,15-12.5-4,189,159,,
x,DM/PHENYLEPH/CHLORPHENIRAMINE,ST,15-10-2/5,53,39,,
x,DM/PHENYLEPH/CHLORPHENIRAMINE,SL,15-10-4/5,18,10,,
x,DM/PHENYLEPH/CHLORPHENIRAMINE,ST,15-6-2MG/5,11,7,,
x,DM/PHENYLEPH/CHLORPHENIRAMINE,TM,30-20-8MG,7,6,,
x,DM/PHENYLEPH/CHLORPHENIRAMINE,ST,15-5-2MG/5,2,2,,
x,DM/PHENYLEPH/DIPHENHYDRAM TANN,SC,15-15-12.5,6,6,,
x,DM/PHENYLEPH/DIPHENHYDRAM TANN,SC,75-7.5-25,3,2,,
x,D-METHORP TAN/PE/BR-PHENIR,SC,20-20-8/5,32,24,,
x,D-METHORP TAN/PE/BR-PHENIR,SC,30-25-10/5,5,4,,
x,D-METHORP TAN/P-EPD TAN/BPM,SC,60-90-8/5,141,115,,
x,D-METHORP TAN/P-EPD TAN/CP,SC,25-75-5/5,51,37,,
x,D-METHORP TAN/P-EPD TAN/CP,SC,30-30-4/5,30,26,,
x,D-METHORP TAN/P-EPD TAN/D-CP,SC,25-75-2.5,18,17,,
x,D-METHORP TAN/P-EPD TAN/D-CP,SC,27.5-50-3,11,10,,
x,D-METHORP TAN/P-EPD TAN/D-CP,SC,30-45-3.5,1,1,,
x,D-METHORP TAN/P-EPHED TAN/CP,SC,30-30-4/5,5,4,,
x,D-METHORP TAN/P-EPHED TAN/CP,SC,21.75-2.25,2,2,,
x,D-METHORPHAN HB/DOXYLAMINE,SJ,15-6.25/15,5,2,,
x,D-METHORPHAN HB/PE/CHLORPHENIR,ST,15-12.5-4,2444,1865,,
x,D-METHORPHAN HB/PE/CHLORPHENIR,ST,15-10-2/5,629,432,,
x,D-METHORPHAN HB/PE/CHLORPHENIR,SJ,15-10-4/5,555,381,,
x,D-METHORPHAN HB/PE/CHLORPHENIR,ST,15-6-2MG/5,388,250,,
x,D-METHORPHAN HB/PE/CHLORPHENIR,TM,30-20-8MG,51,45,,
x,D-METHORPHAN HB/PE/CHLORPHENIR,ST,15-5-2MG/5,30,25,,
x,D-METHORPHAN HB/PE/CHLORPHENIR,SJ,30-7.5-4/5,3,3,,
x,D-METHORPHAN HB/PE/CHLORPHENIR,SO,3-3.5-1/ML,2,2,,
x,D-METHORPHAN HB/PE/D-BP,TM,30-20-6MG,51,40,,
x,D-METHORPHAN HB/PE/D-BP,ST,20-10-2/5,22,15,,
x,D-METHORPHAN HB/P-EPD HCL/BPM,ST,10-30-2/5,1029,758,,
x,D-METHORPHAN HB/P-EPD HCL/BPM,ST,30-60-4/5,503,351,,
x,D-METHORPHAN HB/P-EPD HCL/BPM,ST,15-45-4/5,282,222,,
x,D-METHORPHAN HB/P-EPD HCL/BPM,SE,5-15-1MG/5,13,8,,
x,D-METHORPHAN HB/P-EPD HCL/BPM,SL,15-30-3/5,8,8,,
x,D-METHORPHAN HB/P-EPD HCL/BPM,SL,30-50-3MG,8,8,,
x,D-METHORPHAN HB/P-EPD HCL/BPM,SL,20-30-1/5,7,3,,
x,D-METHORPHAN HB/P-EPD HCL/BPM,TA,20-40-4MG,1,1,,
x,D-METHORPHAN HB/P-EPHED HCL/CP,ST,15-15-2/5,174,132,,
x,D-METHORPHAN HB/P-EPHED HCL/CP,SL,7.5-15-1/5,1,1,,
x,D-METHORPHAN HB/PROMETH HCL,ST,15-6.25/5,9933,6390,,
x,D-METHORPHAN/ACETAMIN/DOXYLAMN,SL,30-12.5/30,2,2,,
x,D-METHORPHAN/ACETAMIN/DOXYLAMN,SL,15-325/15,1,1,,
x,D-METHORPHAN/PE/ACETAMINOPHEN,TA,10-5-325MG,7,3,,
x,D-METHORPHAN/PE/ACETAMINOPHEN,CA,10-5-325MG,1,1,,
x,D-METHORPHAN/PE/ACETAMINOPHEN,SL,5-325MG/15,1,1,,
x,DM-PE-PYRILAMINE TANNATES,SC,25-15.5/5,7,7,,
x,DM-PE-PYRILAMINE TANNATES,SC,15-5-16/5,4,4,,
x,DM-PE-PYRILAMINE TANNATES,SC,25-12.5-30,3,3,,
x,DOXYLAMINE/PSEUDOEPHEDRINE/DM,SL,6.25-30-15,2,1,,
,FENTANYL,PR,25MCG/HR,792041,131613,0.025,FENTANYL
,FENTANYL,PR,50MCG/HR,516256,71534,0.05,FENTANYL
,FENTANYL,PR,75MCG/HR,247865,28930,0.075,FENTANYL
,FENTANYL,PR,12 MCG/HR,207262,42931,0.012,FENTANYL
,FENTANYL,PR,12MCG/HR,114999,26802,0.012,FENTANYL
,FENTANYL,PR,100MCG/HR,111529,10970,0.1,FENTANYL
,FENTANYL,PR,100 MCG/HR,99550,8660,0.1,FENTANYL
,FENTANYL,PR,37.5MCG/HR,310,120,0.0375,FENTANYL
,FENTANYL,AX,200 MCG,257,116,0.2,FENTANYL
,FENTANYL,AX,400MCG/SPR,188,64,0.4,FENTANYL
,FENTANYL,AX,600 MCG,130,30,0.6,FENTANYL
,FENTANYL,AX,800 MCG,80,16,0.8,FENTANYL
,FENTANYL,AX,100MCG/SPR,59,50,0.1,FENTANYL
,FENTANYL,AX,1200 MCG,59,9,1.2,FENTANYL
,FENTANYL,AX,1600 MCG,52,5,1.6,FENTANYL
,FENTANYL,PR,62.5MCG/HR,49,19,0.0625,FENTANYL
,FENTANYL,AX,100 MCG,24,14,0.1,FENTANYL
,FENTANYL,AX,400 MCG,15,8,0.4,FENTANYL
,FENTANYL,PR,87.5MCG/HR,6,2,0.0875,FENTANYL
,FENTANYL CITRATE,LP,400MCG,481,170,0.4,FENTANYL
,FENTANYL CITRATE,LP,200MCG,438,187,0.2,FENTANYL
,FENTANYL CITRATE,LP,200 MCG,386,178,0.2,FENTANYL
,FENTANYL CITRATE,LP,400 MCG,308,70,0.4,FENTANYL
,FENTANYL CITRATE,LP,1200MCG,298,15,1.2,FENTANYL
,FENTANYL CITRATE,LP,800MCG,192,44,0.8,FENTANYL
,FENTANYL CITRATE,LP,600MCG,188,45,0.6,FENTANYL
,FENTANYL CITRATE,LP,600 MCG,173,30,0.6,FENTANYL
,FENTANYL CITRATE,LP,1600MCG,148,12,1.6,FENTANYL
,FENTANYL CITRATE,TF,200 MCG,139,32,0.2,FENTANYL
,FENTANYL CITRATE,TF,800 MCG,130,10,0.8,FENTANYL
,FENTANYL CITRATE,LP,1200 MCG,127,9,1.2,FENTANYL
,FENTANYL CITRATE,LP,800 MCG,94,21,0.8,FENTANYL
,FENTANYL CITRATE,TF,800MCG,82,8,0.8,FENTANYL
,FENTANYL CITRATE,TF,100 MCG,77,48,0.1,FENTANYL
,FENTANYL CITRATE,TF,600 MCG,70,8,0.6,FENTANYL
,FENTANYL CITRATE,TF,100MCG,66,44,0.1,FENTANYL
,FENTANYL CITRATE,TF,400 MCG,49,19,0.4,FENTANYL
,FENTANYL CITRATE,LP,1600 MCG,46,3,1.6,FENTANYL
,FENTANYL CITRATE,TF,400MCG,44,19,0.4,FENTANYL
,FENTANYL CITRATE,TF,600MCG,39,6,0.6,FENTANYL
,FENTANYL CITRATE,TF,200MCG,37,27,0.2,FENTANYL
,FENTANYL CITRATE,DO,100MCG/SPR,28,14,0.1,FENTANYL
x,FENTANYL CITRATE,PA,100%,18,4,,
,FENTANYL CITRATE,TU,400 MCG,18,5,0.4,FENTANYL
,FENTANYL CITRATE,DO,400MCG/SPR,16,6,0.4,FENTANYL
,FENTANYL CITRATE,DO,100 MCG,7,7,0.1,FENTANYL
,FENTANYL CITRATE,TU,200 MCG,6,4,0.2,FENTANYL
,FENTANYL CITRATE,TU,300 MCG,6,1,0.3,FENTANYL
,FENTANYL CITRATE,TU,800 MCG,6,1,0.8,FENTANYL
,FENTANYL CITRATE,TU,100 MCG,4,3,0.1,FENTANYL
,FENTANYL CITRATE,FI,200 MCG,2,1,0.2,FENTANYL
,FENTANYL CITRATE,TU,600 MCG,1,1,0.6,FENTANYL
,FENTANYL CITRATE/PF,HH,50 MCG/ML,200,127,0.05,FENTANYL
,FENTANYL CITRATE/PF,HH,50MCG/ML,59,46,0.05,FENTANYL
,FENTANYL CITRATE/PF,HV,50 MCG/ML,38,35,0.05,FENTANYL
,FENTANYL CITRATE/PF,HV,50MCG/ML,19,10,0.05,FENTANYL
,FENTANYL CITRATE/PF,HQ,50 MCG/ML,5,5,0.05,FENTANYL
,FENTANYL CITRATE/PF,HQ,100MCG/2ML,2,2,0.1,FENTANYL
x,GUAIFEN/DM HB/P-EPHEDRINE,TM,800-30-60,184,156,,
x,GUAIFEN/DM HB/P-EPHEDRINE,TM,595-32-48,127,94,,
x,GUAIFEN/DM HB/P-EPHEDRINE,ST,100-15-40,84,43,,
x,GUAIFEN/DM HB/P-EPHEDRINE,TM,580-30-60,82,69,,
x,GUAIFEN/DM HB/P-EPHEDRINE,TM,780-40-80,52,47,,
x,GUAIFEN/DM HB/P-EPHEDRINE,TA,400-20-40,35,32,,
x,GUAIFEN/DM HB/P-EPHEDRINE,TM,600-28-58,35,29,,
x,GUAIFEN/DM HB/P-EPHEDRINE,TM,575-30-60,33,29,,
x,GUAIFEN/DM HB/P-EPHEDRINE,TA,400-20-60,23,18,,
x,GUAIFEN/DM HB/P-EPHEDRINE,TM,800-60-90,23,18,,
x,GUAIFEN/DM HB/P-EPHEDRINE,TM,1000-30-60,21,19,,
x,GUAIFEN/DM HB/P-EPHEDRINE,TM,600-30-60,20,15,,
x,GUAIFEN/DM HB/P-EPHEDRINE,SL,150-15-30,18,14,,
x,GUAIFEN/DM HB/P-EPHEDRINE,TM,800-30-45,18,15,,
x,GUAIFEN/DM HB/P-EPHEDRINE,TM,700-40-80,15,13,,
x,GUAIFEN/DM HB/P-EPHEDRINE,SJ,175-15-32,14,13,,
x,GUAIFEN/DM HB/P-EPHEDRINE,TM,1200-60-60,13,12,,
x,GUAIFEN/DM HB/P-EPHEDRINE,SJ,200-15-30,12,11,,
x,GUAIFEN/DM HB/P-EPHEDRINE,SC,175-15-30,11,9,,
x,GUAIFEN/DM HB/P-EPHEDRINE,SL,200-15-32,9,9,,
x,GUAIFEN/DM HB/P-EPHEDRINE,TM,575-30-25,7,6,,
x,GUAIFEN/DM HB/P-EPHEDRINE,SL,100-15-45,4,4,,
x,GUAIFEN/DM HB/P-EPHEDRINE,SL,25-15-30/5,2,2,,
x,GUAIFEN/DM HB/P-EPHEDRINE,TM,800-60-120,2,1,,
x,GUAIFEN/DM HB/P-EPHEDRINE,SO,20-4-10/ML,1,1,,
x,GUAIFEN/DM HB/P-EPHEDRINE,ST,100-10-30,1,1,,
x,GUAIFEN/D-METHORPHAN HB/BPM,SL,200-15-2/5,3,3,,
x,GUAIFEN/D-METHORPHAN HB/K CIT,SL,100-10-85,62,49,,
x,GUAIFEN/D-METHORPHAN HB/PE/BPM,ST,50-5-5-2/5,21,16,,
x,GUAIFENESIN,TA,200MG,2544,739,,
x,GUAIFENESIN,SL,100 MG/5ML,1887,722,,
x,GUAIFENESIN,TS,600 MG,1078,316,,
x,GUAIFENESIN,FF,600 MG,963,329,,
x,GUAIFENESIN,SL,100MG/5ML,773,459,,
x,GUAIFENESIN,TS,600MG,446,235,,
x,GUAIFENESIN,TA,400MG,182,101,,
x,GUAIFENESIN,TA,400 MG,121,38,,
x,GUAIFENESIN,UO,1200 MG,56,29,,
x,GUAIFENESIN,TA,200 MG,43,29,,
x,GUAIFENESIN,FF,1200 MG,36,12,,
x,GUAIFENESIN,PA,100%,26,15,,
x,GUAIFENESIN,TM,1200MG,19,12,,
x,GUAIFENESIN,ST,100 MG/5ML,5,5,,
x,GUAIFENESIN,TM,1000MG,3,3,,
x,GUAIFENESIN,JQ,100 MG,2,1,,
x,GUAIFENESIN,UO,1200MG,1,1,,
x,GUAIFENESIN/CODEINE PHOS,SL,100-10MG/5,10039,7135,,
x,GUAIFENESIN/CODEINE PHOS,SL,200-10MG/5,115,88,,
x,GUAIFENESIN/CODEINE PHOS,TA,300MG-10MG,59,48,,
x,GUAIFENESIN/CODEINE PHOS,SL,300-10MG/5,57,49,,
x,GUAIFENESIN/CODEINE PHOS,SL,100-6.3/5,40,30,,
x,GUAIFENESIN/CODEINE PHOS,TA,400MG-10MG,7,3,,
x,GUAIFENESIN/CODEINE PHOS,SL,225-7.5/5,2,2,,
x,GUAIFENESIN/CODEINE PHOS,SL,150-5/10ML,1,1,,
x,GUAIFENESIN/CODEINE PHOSPHATE,SL,100-10MG/5,1824,1202,,
x,GUAIFENESIN/CODEINE PHOSPHATE,SL,100-6.3/5,10,9,,
x,GUAIFENESIN/CODEINE PHOSPHATE,SL,300-10MG/5,8,8,,
x,GUAIFENESIN/CODEINE PHOSPHATE,SL,225-7.5/5,1,1,,
x,GUAIFENESIN/DEXTROMETHORPHAN,ST,100-10MG/5,2311,945,,
x,GUAIFENESIN/DEXTROMETHORPHAN,SL,100-10MG/5,642,268,,
x,GUAIFENESIN/DEXTROMETHORPHAN,TM,600MG-30MG,213,105,,
x,GUAIFENESIN/DEXTROMETHORPHAN,SL,200-10MG/5,54,20,,
x,GUAIFENESIN/DEXTROMETHORPHAN,UO,1200-60MG,32,19,,
x,GUAIFENESIN/DEXTROMETHORPHAN,SL,200-30MG/5,12,7,,
x,GUAIFENESIN/DEXTROMETHORPHAN,CA,200MG-10MG,8,3,,
x,GUAIFENESIN/DEXTROMETHORPHAN,SL,100-5 MG/5,3,3,,
x,GUAIFENESIN/DEXTROMETHORPHAN,TA,400MG-20MG,3,3,,
x,GUAIFENESIN/DEXTROMETHORPHAN,SJ,225-25MG/5,2,1,,
x,GUAIFENESIN/DEXTROMETHORPHAN,ST,100-15MG/5,1,1,,
x,GUAIFENESIN/DM/PSEUDOEPHEDRINE,SJ,200-15-30,12,10,,
x,GUAIFENESIN/DM/PSEUDOEPHEDRINE,TA,400-20-40,6,2,,
x,GUAIFENESIN/DM/PSEUDOEPHEDRINE,SC,175-15-30,4,4,,
x,GUAIFENESIN/DM/PSEUDOEPHEDRINE,TA,400-20-60,4,4,,
x,GUAIFENESIN/DM/PSEUDOEPHEDRINE,SJ,175-15-32,3,3,,
x,GUAIFENESIN/DM/PSEUDOEPHEDRINE,SL,150-15-30,3,3,,
x,GUAIFENESIN/DM/PSEUDOEPHEDRINE,TA,400-40-30,2,2,,
x,GUAIFENESIN/DM/PSEUDOEPHEDRINE,TA,400-30-30,1,1,,
x,GUAIFENESIN/DM/PSEUDOEPHEDRINE,TM,800-60-120,1,1,,
x,GUAIFENESIN/D-METHORPHAN HB,TM,1200-60MG,882,610,,
x,GUAIFENESIN/D-METHORPHAN HB,TM,600MG-30MG,564,288,,
x,GUAIFENESIN/D-METHORPHAN HB,ST,100-10MG/5,542,238,,
x,GUAIFENESIN/D-METHORPHAN HB,TM,1200-20MG,397,288,,
x,GUAIFENESIN/D-METHORPHAN HB,TM,1000-55MG,378,264,,
x,GUAIFENESIN/D-METHORPHAN HB,SL,100-10MG/5,353,244,,
x,GUAIFENESIN/D-METHORPHAN HB,TM,800MG-30MG,349,263,,
x,GUAIFENESIN/D-METHORPHAN HB,SE,200-20/5ML,278,175,,
x,GUAIFENESIN/D-METHORPHAN HB,SJ,225-25MG/5,184,154,,
x,GUAIFENESIN/D-METHORPHAN HB,TM,1000-60MG,157,82,,
x,GUAIFENESIN/D-METHORPHAN HB,TM,600MG-28MG,136,104,,
x,GUAIFENESIN/D-METHORPHAN HB,TM,575MG-30MG,69,59,,
x,GUAIFENESIN/D-METHORPHAN HB,TM,1200-45MG,24,21,,
x,GUAIFENESIN/D-METHORPHAN HB,TM,835MG-28MG,22,14,,
x,GUAIFENESIN/D-METHORPHAN HB,SL,300-10MG/5,21,18,,
x,GUAIFENESIN/D-METHORPHAN HB,TA,400MG-20MG,14,14,,
x,GUAIFENESIN/D-METHORPHAN HB,SL,25-15MG/5,13,12,,
x,GUAIFENESIN/D-METHORPHAN HB,TM,1000-58MG,7,7,,
x,GUAIFENESIN/D-METHORPHAN HB,SL,200-10MG/5,6,6,,
x,GUAIFENESIN/D-METHORPHAN HB,TM,835MG-30MG,6,6,,
x,GUAIFENESIN/D-METHORPHAN HB,SL,200-30MG/5,4,2,,
x,GUAIFENESIN/D-METHORPHAN HB,UO,1200-60MG,4,4,,
x,GUAIFENESIN/D-METHORPHAN HB,TM,650MG-30MG,3,3,,
x,GUAIFENESIN/D-METHORPHAN HB,SL,100-15MG/5,2,1,,
x,GUAIFENESIN/D-METHORPHAN HB,TM,800MG-60MG,2,2,,
x,GUAIFENESIN/D-METHORPHAN HB,SE,200-20MG/5,1,1,,
x,GUAIFENESIN/D-METHORPHAN HB,SL,100-5 MG/5,1,1,,
x,GUAIFENESIN/D-METHORPHAN HB,SL,200-20MG/5,1,1,,
x,GUAIFENESIN/D-METHORPHAN HB,TM,1000-50MG,1,1,,
x,GUAIFENESIN/D-METHORPHAN HB,TS,600-25MG,1,1,,
x,GUAIFENESIN/D-METHORPHAN HB/PE,TM,800-20-20,152,119,,
x,GUAIFENESIN/D-METHORPHAN HB/PE,TM,1200-20-40,142,99,,
x,GUAIFENESIN/D-METHORPHAN HB/PE,CA,288-14-7MG,95,75,,
x,GUAIFENESIN/D-METHORPHAN HB/PE,SL,100-10-5MG,93,59,,
x,GUAIFENESIN/D-METHORPHAN HB/PE,SL,300-15-10,85,68,,
x,GUAIFENESIN/D-METHORPHAN HB/PE,ST,25-12.5/5,79,60,,
x,GUAIFENESIN/D-METHORPHAN HB/PE,TM,1000-60-40,71,67,,
x,GUAIFENESIN/D-METHORPHAN HB/PE,TM,600-30-10,69,55,,
x,GUAIFENESIN/D-METHORPHAN HB/PE,TM,600-60-40,68,53,,
x,GUAIFENESIN/D-METHORPHAN HB/PE,TM,1200-30-30,51,44,,
x,GUAIFENESIN/D-METHORPHAN HB/PE,TM,550-25-20,44,36,,
x,GUAIFENESIN/D-METHORPHAN HB/PE,TM,1200-45-25,39,24,,
x,GUAIFENESIN/D-METHORPHAN HB/PE,TM,600-25-20,23,19,,
x,GUAIFENESIN/D-METHORPHAN HB/PE,TM,600-30-20,19,14,,
x,GUAIFENESIN/D-METHORPHAN HB/PE,TA,600-30-15,15,14,,
x,GUAIFENESIN/D-METHORPHAN HB/PE,TM,1000-30-20,15,11,,
x,GUAIFENESIN/D-METHORPHAN HB/PE,ST,100-20-10,14,11,,
x,GUAIFENESIN/D-METHORPHAN HB/PE,ST,350-15-10,13,12,,
x,GUAIFENESIN/D-METHORPHAN HB/PE,SL,200-15-5/5,12,12,,
x,GUAIFENESIN/D-METHORPHAN HB/PE,ST,100-15-5/5,12,10,,
x,GUAIFENESIN/D-METHORPHAN HB/PE,TM,900-30-30,10,8,,
x,GUAIFENESIN/D-METHORPHAN HB/PE,UO,600-23-9MG,10,8,,
x,GUAIFENESIN/D-METHORPHAN HB/PE,ST,200-30-10,8,8,,
x,GUAIFENESIN/D-METHORPHAN HB/PE,TS,600-30-15,8,7,,
x,GUAIFENESIN/D-METHORPHAN HB/PE,SC,200-20-5/5,6,5,,
x,GUAIFENESIN/D-METHORPHAN HB/PE,TA,400-20-10,6,6,,
x,GUAIFENESIN/D-METHORPHAN HB/PE,SL,388-28-10,5,5,,
x,GUAIFENESIN/D-METHORPHAN HB/PE,ST,100-15-10,4,4,,
x,GUAIFENESIN/D-METHORPHAN HB/PE,TA,388-28-10,3,3,,
x,GUAIFENESIN/D-METHORPHAN HB/PE,SL,100-15-5/5,2,1,,
x,GUAIFENESIN/D-METHORPHAN HB/PE,SL,200-10-5/5,2,2,,
x,GUAIFENESIN/D-METHORPHAN HB/PE,SL,350-15-10,2,2,,
x,GUAIFENESIN/D-METHORPHAN HB/PE,TA,350-15-12,2,1,,
x,GUAIFENESIN/D-METHORPHAN HB/PE,SH,100-10-10,1,1,,
x,GUAIFENESIN/D-METHORPHAN HB/PE,SL,200-30-10,1,1,,
x,GUAIFENESIN/D-METHORPHAN HB/PE,SL,5-2.5 MG/5,1,1,,
x,GUAIFENESIN/D-METHORPHAN HB/PE,SL,50-5-2.5/5,1,1,,
x,GUAIFENESIN/HYDROCODONE BIT,ST,100-5MG/5,1978,1311,,
x,GUAIFENESIN/HYDROCODONE BIT,ST,100-3.5/5,605,441,,
x,GUAIFENESIN/HYDROCODONE BIT,ST,200-2.5/5,257,187,,
x,GUAIFENESIN/HYDROCODONE BIT,CM,300MG-5MG,131,110,,
x,GUAIFENESIN/HYDROCODONE BIT,TM,600MG-5MG,69,52,,
x,GUAIFENESIN/HYDROCODONE BIT,TM,1200-10MG,58,38,,
x,GUAIFENESIN/HYDROCODONE BIT,SL,300-3.5/5,43,36,,
x,GUAIFENESIN/HYDROCODONE BIT,ST,90-3MG/5ML,19,16,,
x,GUAIFENESIN/HYDROCODONE BIT,ST,100-2.5/5,17,11,,
x,GUAIFENESIN/HYDROCODONE BIT,ST,100-5 MG/5,14,8,,
x,GUAIFENESIN/HYDROCODONE BIT,TM,1000-10MG,9,6,,
x,GUAIFENESIN/HYDROCODONE BIT,SL,150-5MG/5,7,6,,
x,GUAIFENESIN/HYDROCODONE BIT,TA,300-2.5MG,4,3,,
x,GUAIFENESIN/HYDROCODONE BIT,SL,200-7.5/5,2,2,,
x,GUAIFENESIN/HYDROCODONE BIT,TM,575MG-5MG,1,1,,
x,GUAIFENESIN/P-EPHED HCL/HCOD,SE,100-30-2.5,240,155,,
x,GUAIFENESIN/P-EPHED HCL/HCOD,SL,100-15-3/5,105,73,,
x,GUAIFENESIN/P-EPHED HCL/HCOD,SJ,100-30-2.5,51,38,,
x,GUAIFENESIN/P-EPHED HCL/HCOD,SH,200-60-5,17,16,,
x,GUAIFENESIN/P-EPHED HCL/HCOD,ST,200-45-6/5,16,14,,
x,GUAIFENESIN/P-EPHED HCL/HCOD,SL,22.5-3.75,2,1,,
x,GUAIFENESIN/PHENYLEPHRINE/HCOD,SJ,225-10-2.5,166,125,,
x,GUAIFENESIN/PHENYLEPHRINE/HCOD,ST,150-6-2.5,102,62,,
x,GUAIFENESIN/PHENYLEPHRINE/HCOD,ST,100-10-2/5,100,77,,
x,GUAIFENESIN/PHENYLEPHRINE/HCOD,ST,100-7.5-5,63,49,,
x,GUAIFENESIN/PHENYLEPHRINE/HCOD,SJ,7.5-2.5/5,57,49,,
x,GUAIFENESIN/PHENYLEPHRINE/HCOD,SL,200-10-5/5,24,23,,
x,GUAIFENESIN/PHENYLEPHRINE/HCOD,SL,100-10-4/5,12,11,,
x,GUAIFENESIN/PHENYLEPHRINE/HCOD,ST,100-15-5/5,10,9,,
x,GUAIFENESIN/PHENYLEPHRINE/HCOD,ST,120-6-2.5,9,8,,
x,GUAIFENESIN/PHENYLEPHRINE/HCOD,ST,50-7.5-2.5,9,8,,
x,GUAIFENESIN/PHENYLEPHRINE/HCOD,ST,300-10-5/5,8,8,,
x,GUAIFENESIN/PHENYLEPHRINE/HCOD,ST,7.5-2.5/5,3,3,,
x,GUAIFENESIN/PHENYLEPHRINE/HCOD,SL,200-2.5/5,1,1,,
,HYDROCODONE BIT/ACETAMINOPHEN,TA,5 MG-500MG,3177261,800711,5,HYDROCODONE
,HYDROCODONE BIT/ACETAMINOPHEN,TA,5MG-500MG,2197593,573885,5,HYDROCODONE
,HYDROCODONE BIT/ACETAMINOPHEN,TA,7.5-500MG,1314128,255018,7.5,HYDROCODONE
,HYDROCODONE BIT/ACETAMINOPHEN,TA,5MG-325MG,1014777,329043,5,HYDROCODONE
,HYDROCODONE BIT/ACETAMINOPHEN,TA,10MG-325MG,904593,137206,10,HYDROCODONE
,HYDROCODONE BIT/ACETAMINOPHEN,TA,7.5-750MG,791991,170017,7.5,HYDROCODONE
,HYDROCODONE BIT/ACETAMINOPHEN,TA,10MG-500MG,785709,96006,10,HYDROCODONE
,HYDROCODONE BIT/ACETAMINOPHEN,TA,7.5-325MG,345854,93129,7.5,HYDROCODONE
,HYDROCODONE BIT/ACETAMINOPHEN,TA,10MG-650MG,282514,40679,10,HYDROCODONE
,HYDROCODONE BIT/ACETAMINOPHEN,SJ,7.5-500/15,99527,31206,7.5,HYDROCODONE
,HYDROCODONE BIT/ACETAMINOPHEN,TA,7.5-650 MG,98543,25685,7.5,HYDROCODONE
,HYDROCODONE BIT/ACETAMINOPHEN,TA,7.5-650MG,82117,21597,7.5,HYDROCODONE
,HYDROCODONE BIT/ACETAMINOPHEN,TA,2.5-500MG,69521,17931,2.5,HYDROCODONE
,HYDROCODONE BIT/ACETAMINOPHEN,TA,10-660MG,55999,8273,10,HYDROCODONE
,HYDROCODONE BIT/ACETAMINOPHEN,TA,2.5-500 MG,32814,9355,2.5,HYDROCODONE
,HYDROCODONE BIT/ACETAMINOPHEN,TA,10-750MG,2532,487,10,HYDROCODONE
,HYDROCODONE BIT/ACETAMINOPHEN,TA,5MG-300MG,1610,1198,5,HYDROCODONE
,HYDROCODONE BIT/ACETAMINOPHEN,TA,10MG-300MG,1473,469,10,HYDROCODONE
,HYDROCODONE BIT/ACETAMINOPHEN,CA,5MG-500MG,993,481,5,HYDROCODONE
,HYDROCODONE BIT/ACETAMINOPHEN,TA,10MG-400MG,898,168,10,HYDROCODONE
,HYDROCODONE BIT/ACETAMINOPHEN,TA,7.5-300MG,863,603,7.5,HYDROCODONE
,HYDROCODONE BIT/ACETAMINOPHEN,CA,5 MG-500MG,699,335,5,HYDROCODONE
,HYDROCODONE BIT/ACETAMINOPHEN,SJ,7.5-325/15,360,226,7.5,HYDROCODONE
,HYDROCODONE BIT/ACETAMINOPHEN,TA,5MG-400MG,287,51,5,HYDROCODONE
,HYDROCODONE BIT/ACETAMINOPHEN,TA,7.5-400MG,212,28,7.5,HYDROCODONE
,HYDROCODONE BIT/ACETAMINOPHEN,SJ,7.5-500/CP,209,74,7.5,HYDROCODONE
,HYDROCODONE BIT/ACETAMINOPHEN,SJ,10-325/15,127,99,10,HYDROCODONE
,HYDROCODONE BIT/ACETAMINOPHEN,SJ,10-300/15,57,32,10,HYDROCODONE
,HYDROCODONE BIT/ACETAMINOPHEN,SJ,2.5-167/5,15,9,2.5,HYDROCODONE
,HYDROCODONE BIT/ACETAMINOPHEN,SJ,10-325/CUP,3,3,10,HYDROCODONE
,HYDROCODONE BIT/ACETAMINOPHEN,SJ,5-334MG/10,3,3,5,HYDROCODONE
,HYDROCODONE BIT/ACETAMINOPHEN,SJ,5-163/7.5,1,1,5,HYDROCODONE
,HYDROCODONE BIT/HOMATROP ME-BR,ST,5-1.5 MG/5,8127,5262,5,HYDROCODONE
,HYDROCODONE BIT/HOMATROP ME-BR,TA,5 MG-1.5MG,85,60,5,HYDROCODONE
,HYDROCODONE BIT/HOMATROP ME-BR,ST,5-1.5/CUP,1,1,5,HYDROCODONE
,HYDROCODONE BIT/HOMATROPINE,ST,5-1.5MG/5,7473,3999,5,HYDROCODONE
,HYDROCODONE BIT/HOMATROPINE,TA,5-1.5MG,227,134,5,HYDROCODONE
,HYDROCODONE BITARTRATE,CB,20 MG,149,58,20,HYDROCODONE
,HYDROCODONE BITARTRATE,LY,20 MG,131,80,20,HYDROCODONE
,HYDROCODONE BITARTRATE,CB,30 MG,115,30,30,HYDROCODONE
,HYDROCODONE BITARTRATE,CB,10 MG,107,63,10,HYDROCODONE
,HYDROCODONE BITARTRATE,LY,40 MG,97,46,40,HYDROCODONE
,HYDROCODONE BITARTRATE,LY,30 MG,90,49,30,HYDROCODONE
,HYDROCODONE BITARTRATE,CB,40 MG,79,22,40,HYDROCODONE
,HYDROCODONE BITARTRATE,MH,20 MG,75,26,20,HYDROCODONE
,HYDROCODONE BITARTRATE,MH,30 MG,45,18,30,HYDROCODONE
,HYDROCODONE BITARTRATE,LY,60 MG,44,18,60,HYDROCODONE
,HYDROCODONE BITARTRATE,CB,50 MG,37,8,50,HYDROCODONE
,HYDROCODONE BITARTRATE,MH,40 MG,37,10,40,HYDROCODONE
,HYDROCODONE BITARTRATE,CB,15 MG,35,21,15,HYDROCODONE
,HYDROCODONE BITARTRATE,MH,10 MG,32,18,10,HYDROCODONE
,HYDROCODONE BITARTRATE,MH,50 MG,32,10,50,HYDROCODONE
,HYDROCODONE BITARTRATE,MH,15 MG,18,7,15,HYDROCODONE
,HYDROCODONE BITARTRATE,LY,120 MG,8,2,120,HYDROCODONE
,HYDROCODONE BITARTRATE,LY,80 MG,7,5,80,HYDROCODONE
,HYDROCODONE BITARTRATE,LY,100 MG,3,1,100,HYDROCODONE
,HYDROCODONE/ACETAMINOPHEN,TA,5 MG-325MG,1948463,668101,5,HYDROCODONE
,HYDROCODONE/ACETAMINOPHEN,TA,10MG-325MG,1332984,205088,10,HYDROCODONE
,HYDROCODONE/ACETAMINOPHEN,TA,7.5-325MG,951587,245449,7.5,HYDROCODONE
,HYDROCODONE/ACETAMINOPHEN,TA,5 MG-500MG,619201,229954,5,HYDROCODONE
,HYDROCODONE/ACETAMINOPHEN,TA,5MG-325MG,563787,251313,5,HYDROCODONE
,HYDROCODONE/ACETAMINOPHEN,TA,7.5-500MG,190216,59444,7.5,HYDROCODONE
,HYDROCODONE/ACETAMINOPHEN,TA,10MG-500MG,139110,27611,10,HYDROCODONE
,HYDROCODONE/ACETAMINOPHEN,TA,5MG-300MG,95916,56029,5,HYDROCODONE
,HYDROCODONE/ACETAMINOPHEN,TA,7.5-750MG,82304,22433,7.5,HYDROCODONE
,HYDROCODONE/ACETAMINOPHEN,TA,7.5-300MG,37031,17834,7.5,HYDROCODONE
,HYDROCODONE/ACETAMINOPHEN,TA,10MG-650MG,36396,8081,10,HYDROCODONE
,HYDROCODONE/ACETAMINOPHEN,TA,7.5-650 MG,20070,7201,7.5,HYDROCODONE
,HYDROCODONE/ACETAMINOPHEN,SJ,7.5-325/15,17087,7409,7.5,HYDROCODONE
,HYDROCODONE/ACETAMINOPHEN,TA,2.5-500 MG,13146,4389,2.5,HYDROCODONE
,HYDROCODONE/ACETAMINOPHEN,SJ,7.5-500/15,12940,5853,7.5,HYDROCODONE
,HYDROCODONE/ACETAMINOPHEN,TA,10MG-300MG,7768,2253,10,HYDROCODONE
,HYDROCODONE/ACETAMINOPHEN,TA,10-660MG,7619,1474,10,HYDROCODONE
,HYDROCODONE/ACETAMINOPHEN,SJ,10-300/15,468,268,10,HYDROCODONE
,HYDROCODONE/ACETAMINOPHEN,TA,10-750MG,466,98,10,HYDROCODONE
,HYDROCODONE/ACETAMINOPHEN,TA,2.5-325MG,398,244,2.5,HYDROCODONE
,HYDROCODONE/ACETAMINOPHEN,CA,5 MG-500MG,94,55,5,HYDROCODONE
,HYDROCODONE/ACETAMINOPHEN,SJ,10-325/15,43,28,10,HYDROCODONE
,HYDROCODONE/ACETAMINOPHEN,SJ,2.5-167/5,11,10,2.5,HYDROCODONE
,HYDROCODONE/ACETAMINOPHEN,TA,10MG-400MG,7,2,10,HYDROCODONE
,HYDROCODONE/ACETAMINOPHEN,SJ,5-334MG/10,3,3,5,HYDROCODONE
,HYDROCODONE/ACETAMINOPHEN,SJ,5-217MG/10,2,2,5,HYDROCODONE
,HYDROCODONE/ACETAMINOPHEN,TA,5MG-400MG,2,2,5,HYDROCODONE
,HYDROCODONE/ACETAMINOPHEN,TA,7.5-400MG,2,2,7.5,HYDROCODONE
,HYDROCODONE/ACETAMINOPHEN,SJ,5-163/7.5,1,1,5,HYDROCODONE
x,HYDROCODONE/CHLORPHEN POLIS,PJ,10-8MG/5ML,16120,8983,,
x,HYDROCODONE/CHLORPHEN POLIS,CB,10MG-8MG,282,210,,
x,HYDROCODONE/CHLORPHEN POLIS,CB,5MG-4MG,10,10,,
x,HYDROCODONE/CHLORPHEN P-STIREX,PJ,10-8MG/5ML,55,25,,
x,HYDROCODONE/CHLORPHENIRAMINE,SJ,5MG-4MG/5,1,1,,
,HYDROCODONE/IBUPROFEN,TA,7.5-200 MG,97500,35212,7.5,HYDROCODONE
,HYDROCODONE/IBUPROFEN,TA,7.5-200MG,37342,14051,7.5,HYDROCODONE
,HYDROCODONE/IBUPROFEN,TA,10MG-200MG,1199,395,10,HYDROCODONE
,HYDROCODONE/IBUPROFEN,TA,5MG-200MG,1111,579,5,HYDROCODONE
,HYDROCODONE/IBUPROFEN,TA,2.5-200MG,185,100,2.5,HYDROCODONE
,HYDROMORPHONE HCL,TA,2 MG,156511,62668,2,HYDROMORPHONE
,HYDROMORPHONE HCL,TA,4 MG,85889,20046,4,HYDROMORPHONE
,HYDROMORPHONE HCL,TA,2MG,33334,14240,2,HYDROMORPHONE
,HYDROMORPHONE HCL,TA,4MG,18286,4955,4,HYDROMORPHONE
,HYDROMORPHONE HCL,TA,8 MG,14990,2015,8,HYDROMORPHONE
,HYDROMORPHONE HCL,SL,1 MG/ML,3018,1142,1,HYDROMORPHONE
,HYDROMORPHONE HCL,TI,8 MG,1991,537,8,HYDROMORPHONE
,HYDROMORPHONE HCL,TA,8MG,1604,343,8,HYDROMORPHONE
,HYDROMORPHONE HCL,TI,12 MG,1534,317,12,HYDROMORPHONE
,HYDROMORPHONE HCL,TI,16 MG,1366,269,16,HYDROMORPHONE
,HYDROMORPHONE HCL,SL,1MG/ML,729,289,1,HYDROMORPHONE
,HYDROMORPHONE HCL,HV,2 MG/ML,704,273,2,HYDROMORPHONE
,HYDROMORPHONE HCL,TI,32 MG,534,67,32,HYDROMORPHONE
,HYDROMORPHONE HCL,HV,2MG/ML,465,139,2,HYDROMORPHONE
,HYDROMORPHONE HCL,EX,8 MG,176,85,8,HYDROMORPHONE
,HYDROMORPHONE HCL,EX,16 MG,109,36,16,HYDROMORPHONE
,HYDROMORPHONE HCL,EX,12 MG,106,37,12,HYDROMORPHONE
,HYDROMORPHONE HCL,QA,3MG,106,59,3,HYDROMORPHONE
,HYDROMORPHONE HCL,QA,3 MG,68,27,3,HYDROMORPHONE
,HYDROMORPHONE HCL,HQ,1 MG/ML,25,15,1,HYDROMORPHONE
x,HYDROMORPHONE HCL,PA,100%,25,14,,
,HYDROMORPHONE HCL,HQ,2 MG/ML,22,20,2,HYDROMORPHONE
,HYDROMORPHONE HCL,HQ,4 MG/ML,12,6,4,HYDROMORPHONE
,HYDROMORPHONE HCL,HQ,4MG/ML,3,1,4,HYDROMORPHONE
,HYDROMORPHONE HCL,HQ,0.5MG/.5ML,1,1,0.5,HYDROMORPHONE
,HYDROMORPHONE HCL,HQ,2MG/ML,1,1,2,HYDROMORPHONE
,HYDROMORPHONE HCL/PF,HV,10 MG/ML,203,54,10,HYDROMORPHONE
,HYDROMORPHONE HCL/PF,HH,1 MG/ML,200,38,1,HYDROMORPHONE
,HYDROMORPHONE HCL/PF,HH,2 MG/ML,81,48,2,HYDROMORPHONE
,HYDROMORPHONE HCL/PF,HQ,4MG/ML,77,9,4,HYDROMORPHONE
,HYDROMORPHONE HCL/PF,HH,4 MG/ML,68,15,4,HYDROMORPHONE
,HYDROMORPHONE HCL/PF,HH,1MG/ML,60,16,1,HYDROMORPHONE
,HYDROMORPHONE HCL/PF,HH,10 MG/ML,53,25,10,HYDROMORPHONE
,HYDROMORPHONE HCL/PF,HQ,2MG/ML,52,27,2,HYDROMORPHONE
,HYDROMORPHONE HCL/PF,HV,10MG/ML,52,18,10,HYDROMORPHONE
,HYDROMORPHONE HCL/PF,HQ,1MG/ML,51,15,1,HYDROMORPHONE
,HYDROMORPHONE HCL/PF,HV,2 MG/ML,49,27,2,HYDROMORPHONE
,HYDROMORPHONE HCL/PF,HH,2MG/ML,45,34,2,HYDROMORPHONE
,HYDROMORPHONE HCL/PF,HQ,2 MG/ML,45,31,2,HYDROMORPHONE
,HYDROMORPHONE HCL/PF,HH,4MG/ML,34,10,4,HYDROMORPHONE
,HYDROMORPHONE HCL/PF,HH,10MG/ML,26,15,10,HYDROMORPHONE
,HYDROMORPHONE HCL/PF,HQ,1 MG/ML,17,13,1,HYDROMORPHONE
,HYDROMORPHONE HCL/PF,HV,2MG/ML,14,12,2,HYDROMORPHONE
,HYDROMORPHONE HCL/PF,HQ,4 MG/ML,12,4,4,HYDROMORPHONE
,HYDROMORPHONE HCL/PF,HS,250 MG,12,2,250,HYDROMORPHONE
,HYDROMORPHONE HCL/PF,HS,250MG,3,1,250,HYDROMORPHONE
,IBUPROFEN/OXYCODONE HCL,TA,400MG-5MG,1201,560,5,OXYCODONE
,MEPERIDINE HCL,TA,50 MG,16065,8143,50,MEPERIDINE
,MEPERIDINE HCL,TA,50MG,7354,3904,50,MEPERIDINE
,MEPERIDINE HCL,TA,100 MG,1327,293,100,MEPERIDINE
,MEPERIDINE HCL,TA,100MG,984,248,100,MEPERIDINE
,MEPERIDINE HCL,HV,100MG/ML,109,17,100,MEPERIDINE
,MEPERIDINE HCL,SJ,50 MG/5 ML,101,41,50,MEPERIDINE
,MEPERIDINE HCL,SJ,50MG/5ML,72,55,50,MEPERIDINE
,MEPERIDINE HCL,HV,50MG/ML,68,23,50,MEPERIDINE
,MEPERIDINE HCL,HV,50 MG/ML,53,12,50,MEPERIDINE
,MEPERIDINE HCL,HV,100 MG/ML,20,12,100,MEPERIDINE
x,MEPERIDINE HCL,PA,100%,3,2,,
,MEPERIDINE HCL,HH,100MG/ML,1,1,100,MEPERIDINE
,MEPERIDINE HCL,HJ,10MG/ML,1,1,10,MEPERIDINE
,MEPERIDINE HCL,HQ,100MG/ML,1,1,100,MEPERIDINE
,MEPERIDINE HCL,HQ,75MG/ML,1,1,75,MEPERIDINE
,MEPERIDINE HCL/PF,HH,50 MG/ML,646,526,50,MEPERIDINE
,MEPERIDINE HCL/PF,HH,50MG/ML,619,512,50,MEPERIDINE
,MEPERIDINE HCL/PF,HV,50 MG/ML,364,267,50,MEPERIDINE
,MEPERIDINE HCL/PF,HQ,50MG/ML,267,126,50,MEPERIDINE
,MEPERIDINE HCL/PF,HV,50MG/ML,221,123,50,MEPERIDINE
,MEPERIDINE HCL/PF,HH,100 MG/ML,153,39,100,MEPERIDINE
,MEPERIDINE HCL/PF,HH,25MG/0.5ML,148,83,25,MEPERIDINE
,MEPERIDINE HCL/PF,HQ,50 MG/ML,131,104,50,MEPERIDINE
,MEPERIDINE HCL/PF,HV,100 MG/ML,105,32,100,MEPERIDINE
,MEPERIDINE HCL/PF,HQ,100MG/ML,89,28,100,MEPERIDINE
,MEPERIDINE HCL/PF,HV,25 MG/ML,88,48,25,MEPERIDINE
,MEPERIDINE HCL/PF,HQ,100 MG/ML,83,21,100,MEPERIDINE
,MEPERIDINE HCL/PF,HQ,25MG/ML,70,43,25,MEPERIDINE
,MEPERIDINE HCL/PF,HH,100MG/ML,69,28,100,MEPERIDINE
,MEPERIDINE HCL/PF,HV,25MG/ML,37,27,25,MEPERIDINE
,MEPERIDINE HCL/PF,HQ,75 MG/ML,36,7,75,MEPERIDINE
,MEPERIDINE HCL/PF,HQ,25 MG/ML,32,27,25,MEPERIDINE
,MEPERIDINE HCL/PF,HQ,75MG/ML,29,12,75,MEPERIDINE
,MEPERIDINE HCL/PF,HV,100MG/ML,29,18,100,MEPERIDINE
,MEPERIDINE HCL/PF,HH,75MG/1.5ML,25,15,75,MEPERIDINE
,MEPERIDINE HCL/PF,HH,100MG/2ML,24,10,100,MEPERIDINE
,MEPERIDINE HCL/PF,HV,75MG/ML,22,7,75,MEPERIDINE
,MEPERIDINE HCL/PF,HH,100 MG/2ML,10,4,100,MEPERIDINE
,MEPERIDINE HCL/PF,HV,75 MG/ML,10,4,75,MEPERIDINE
,MEPERIDINE HCL/PF,HH,25MG/ML,3,3,25,MEPERIDINE
,MEPERIDINE HCL/PF,HH,75MG/ML,2,2,75,MEPERIDINE
,METHADONE HCL,TA,10 MG,139800,8424,10,METHADONE
,METHADONE HCL,TA,5 MG,85227,9536,5,METHADONE
,METHADONE HCL,TA,10MG,50915,5079,10,METHADONE
,METHADONE HCL,TA,5MG,34824,5535,5,METHADONE
,METHADONE HCL,SY,10 MG/ML,2764,443,10,METHADONE
,METHADONE HCL,SJ,5 MG/5 ML,2232,407,5,METHADONE
,METHADONE HCL,TB,40MG,1280,191,40,METHADONE
,METHADONE HCL,SJ,10 MG/5 ML,1261,204,10,METHADONE
,METHADONE HCL,SJ,5MG/5ML,1113,248,5,METHADONE
,METHADONE HCL,SY,10MG/ML,697,188,10,METHADONE
,METHADONE HCL,SJ,10MG/5ML,612,123,10,METHADONE
x,METHADONE HCL,PA,100%,17,7,,
,METHADONE HCL,HV,10MG/ML,7,7,10,METHADONE
,METHADONE HCL,TB,40 MG,7,5,40,METHADONE
,METHADONE HCL,HV,10 MG/ML,6,6,10,METHADONE
,MORPHINE SULFATE,TS,15 MG,253650,46553,15,MORPHINE
,MORPHINE SULFATE,TS,30 MG,200104,25586,30,MORPHINE
,MORPHINE SULFATE,SJ,100 MG/5ML,120939,76593,100,MORPHINE
,MORPHINE SULFATE,TA,15 MG,82507,21034,15,MORPHINE
,MORPHINE SULFATE,TS,60 MG,76956,7173,60,MORPHINE
,MORPHINE SULFATE,TS,15MG,68499,14827,15,MORPHINE
,MORPHINE SULFATE,SJ,20MG/ML,62996,38960,20,MORPHINE
,MORPHINE SULFATE,TS,30MG,52315,9679,30,MORPHINE
,MORPHINE SULFATE,TA,30 MG,27362,4038,30,MORPHINE
,MORPHINE SULFATE,TS,100 MG,22798,1797,100,MORPHINE
,MORPHINE SULFATE,TA,15MG,19644,6178,15,MORPHINE
,MORPHINE SULFATE,SJ,20 MG/ML,18843,12644,20,MORPHINE
,MORPHINE SULFATE,TS,60MG,18318,2692,60,MORPHINE
,MORPHINE SULFATE,SJ,10 MG/5 ML,15363,7744,10,MORPHINE
,MORPHINE SULFATE,CN,20 MG,8502,1444,20,MORPHINE
,MORPHINE SULFATE,CJ,30MG,7066,1700,30,MORPHINE
,MORPHINE SULFATE,TA,30MG,6873,1343,30,MORPHINE
,MORPHINE SULFATE,HV,10MG/ML,6141,3687,10,MORPHINE
,MORPHINE SULFATE,CN,20MG,6087,1546,20,MORPHINE
,MORPHINE SULFATE,TS,100MG,6019,722,100,MORPHINE
,MORPHINE SULFATE,CJ,30 MG,5853,794,30,MORPHINE
,MORPHINE SULFATE,CN,30 MG,5669,1060,30,MORPHINE
,MORPHINE SULFATE,CN,10 MG,5468,1191,10,MORPHINE
,MORPHINE SULFATE,SJ,10MG/5ML,5450,2921,10,MORPHINE
,MORPHINE SULFATE,HV,10 MG/ML,5198,3133,10,MORPHINE
,MORPHINE SULFATE,SJ,20 MG/5 ML,4557,2622,20,MORPHINE
,MORPHINE SULFATE,CN,30MG,4108,909,30,MORPHINE
,MORPHINE SULFATE,CJ,60MG,3967,725,60,MORPHINE
,MORPHINE SULFATE,CJ,60 MG,3601,407,60,MORPHINE
,MORPHINE SULFATE,CN,50 MG,2873,358,50,MORPHINE
,MORPHINE SULFATE,TS,200 MG,2323,186,200,MORPHINE
,MORPHINE SULFATE,CN,60 MG,2243,341,60,MORPHINE
,MORPHINE SULFATE,TH,10MG,2049,1043,10,MORPHINE
,MORPHINE SULFATE,CN,100 MG,1934,160,100,MORPHINE
,MORPHINE SULFATE,CJ,90 MG,1637,177,90,MORPHINE
,MORPHINE SULFATE,HV,5MG/ML,1605,1034,5,MORPHINE
,MORPHINE SULFATE,CJ,90MG,1521,247,90,MORPHINE
,MORPHINE SULFATE,HQ,2MG/ML,1452,939,2,MORPHINE
,MORPHINE SULFATE,CN,50MG,1420,331,50,MORPHINE
,MORPHINE SULFATE,CN,60MG,1367,268,60,MORPHINE
,MORPHINE SULFATE,CJ,120 MG,1319,89,120,MORPHINE
,MORPHINE SULFATE,HV,5 MG/ML,1239,821,5,MORPHINE
,MORPHINE SULFATE,SJ,5MG/0.25ML,1222,754,5,MORPHINE
,MORPHINE SULFATE,HQ,10MG/ML,1171,755,10,MORPHINE
,MORPHINE SULFATE,HQ,2 MG/ML,1163,776,2,MORPHINE
,MORPHINE SULFATE,CN,80 MG,1141,162,80,MORPHINE
,MORPHINE SULFATE,HQ,4MG/ML,1050,565,4,MORPHINE
,MORPHINE SULFATE,HQ,10 MG/ML,1028,660,10,MORPHINE
,MORPHINE SULFATE,CJ,120MG,953,148,120,MORPHINE
,MORPHINE SULFATE,CN,100MG,841,137,100,MORPHINE
,MORPHINE SULFATE,CJ,45 MG,785,129,45,MORPHINE
,MORPHINE SULFATE,HQ,4 MG/ML,749,480,4,MORPHINE
,MORPHINE SULFATE,SJ,20MG/5ML,711,416,20,MORPHINE
,MORPHINE SULFATE,QA,10MG,674,436,10,MORPHINE
,MORPHINE SULFATE,CN,10MG,645,320,10,MORPHINE
,MORPHINE SULFATE,HV,15MG/ML,599,223,15,MORPHINE
,MORPHINE SULFATE,QA,10 MG,491,266,10,MORPHINE
,MORPHINE SULFATE,HJ,2 MG/ML,409,247,2,MORPHINE
,MORPHINE SULFATE,HV,50MG/ML,352,112,50,MORPHINE
,MORPHINE SULFATE,HV,50 MG/ML,351,163,50,MORPHINE
,MORPHINE SULFATE,TS,200MG,321,50,200,MORPHINE
,MORPHINE SULFATE,HJ,10 MG/ML,318,134,10,MORPHINE
,MORPHINE SULFATE,HH,10MG/ML,313,238,10,MORPHINE
,MORPHINE SULFATE,HV,15 MG/ML,302,165,15,MORPHINE
,MORPHINE SULFATE,QA,5MG,294,159,5,MORPHINE
,MORPHINE SULFATE,CJ,75 MG,284,32,75,MORPHINE
,MORPHINE SULFATE,SJ,10MG/0.5ML,261,159,10,MORPHINE
,MORPHINE SULFATE,HJ,4 MG/ML,213,114,4,MORPHINE
,MORPHINE SULFATE,CN,80MG,212,46,80,MORPHINE
,MORPHINE SULFATE,CN,200 MG,201,15,200,MORPHINE
,MORPHINE SULFATE,QA,5 MG,154,111,5,MORPHINE
x,MORPHINE SULFATE,PA,100%,153,55,,
,MORPHINE SULFATE,CN,40 MG,151,31,40,MORPHINE
,MORPHINE SULFATE,HH,10 MG/ML,140,113,10,MORPHINE
,MORPHINE SULFATE,TH,15MG,134,59,15,MORPHINE
,MORPHINE SULFATE,QA,30MG,79,10,30,MORPHINE
,MORPHINE SULFATE,QA,20MG,60,47,20,MORPHINE
,MORPHINE SULFATE,HQ,8MG/ML,57,34,8,MORPHINE
,MORPHINE SULFATE,HV,8MG/ML,52,42,8,MORPHINE
,MORPHINE SULFATE,TH,30MG,52,22,30,MORPHINE
,MORPHINE SULFATE,HQ,8 MG/ML,39,27,8,MORPHINE
,MORPHINE SULFATE,HV,8 MG/ML,38,24,8,MORPHINE
,MORPHINE SULFATE,QA,20 MG,30,15,20,MORPHINE
,MORPHINE SULFATE,TH,10 MG,20,5,10,MORPHINE
,MORPHINE SULFATE,HQ,15MG/ML,16,11,15,MORPHINE
,MORPHINE SULFATE,HV,25MG/ML,14,5,25,MORPHINE
,MORPHINE SULFATE,HQ,15 MG/ML,12,4,15,MORPHINE
,MORPHINE SULFATE,QA,30 MG,11,4,30,MORPHINE
,MORPHINE SULFATE,CN,200MG,7,4,200,MORPHINE
,MORPHINE SULFATE,CN,70 MG,6,1,70,MORPHINE
,MORPHINE SULFATE,CN,150 MG,5,2,150,MORPHINE
,MORPHINE SULFATE,HJ,8 MG/ML,5,5,8,MORPHINE
,MORPHINE SULFATE,HJ,15 MG/ML,4,2,15,MORPHINE
,MORPHINE SULFATE,TH,15 MG,4,3,15,MORPHINE
,MORPHINE SULFATE,HQ,1MG/ML,3,3,1,MORPHINE
,MORPHINE SULFATE,HV,4 MG/ML,2,2,4,MORPHINE
,MORPHINE SULFATE,HH,15MG/ML,1,1,15,MORPHINE
,MORPHINE SULFATE,HQ,10 MG/10ML,1,1,10,MORPHINE
,MORPHINE SULFATE,IG,100MG/4ML,1,1,100,MORPHINE
,MORPHINE SULFATE,IG,250MG/10ML,1,1,250,MORPHINE
,MORPHINE SULFATE/NALTREXONE,CN,20MG-0.8MG,219,96,20,MORPHINE
,MORPHINE SULFATE/NALTREXONE,CN,30MG-1.2MG,109,54,30,MORPHINE
,MORPHINE SULFATE/NALTREXONE,CN,50 MG-2 MG,56,12,50,MORPHINE
,MORPHINE SULFATE/NALTREXONE,MD,60MG-2.4MG,37,9,60,MORPHINE
,MORPHINE SULFATE/NALTREXONE,MD,20MG-0.8MG,27,15,20,MORPHINE
,MORPHINE SULFATE/NALTREXONE,CN,60MG-2.4MG,26,11,60,MORPHINE
,MORPHINE SULFATE/NALTREXONE,MD,30MG-1.2MG,23,11,30,MORPHINE
,MORPHINE SULFATE/NALTREXONE,MD,50 MG-2 MG,20,4,50,MORPHINE
,MORPHINE SULFATE/NALTREXONE,CN,100MG-4MG,3,2,100,MORPHINE
,MORPHINE SULFATE/NALTREXONE,CN,80MG-3.2MG,3,2,80,MORPHINE
,MORPHINE SULFATE/NALTREXONE,MD,100MG-4MG,1,1,100,MORPHINE
,MORPHINE SULFATE/PF,HH,1 MG/ML,82,6,1,MORPHINE
,MORPHINE SULFATE/PF,HV,25MG/ML,55,9,25,MORPHINE
,MORPHINE SULFATE/PF,HH,10 MG/ML,44,5,10,MORPHINE
,MORPHINE SULFATE/PF,HH,25 MG/ML,40,7,25,MORPHINE
,MORPHINE SULFATE/PF,HH,25MG/ML,37,9,25,MORPHINE
,MORPHINE SULFATE/PF,HH,1MG/ML,30,16,1,MORPHINE
,MORPHINE SULFATE/PF,HH,10MG/ML,27,2,10,MORPHINE
,MORPHINE SULFATE/PF,HV,25 MG/ML,21,10,25,MORPHINE
,MORPHINE SULFATE/PF,HH,0.5 MG/ML,10,2,0.5,MORPHINE
,MORPHINE SULFATE/PF,HV,1 MG/ML,9,5,1,MORPHINE
,MORPHINE SULFATE/PF,ID,150MG/30ML,8,3,150,MORPHINE
,MORPHINE SULFATE/PF,ID,30 MG/30ML,2,2,30,MORPHINE
,MORPHINE SULFATE/PF,ID,30MG/30ML,2,2,30,MORPHINE
,MORPHINE SULFATE/PF,HQ,25MG/ML,1,1,25,MORPHINE
,MORPHINE SULFATE/PF,HV,0.5 MG/ML,1,1,0.5,MORPHINE
,NALBUPHINE HCL,HH,10MG/ML,555,125,10,NALBUPHINE
,NALBUPHINE HCL,HH,10 MG/ML,498,92,10,NALBUPHINE
,NALBUPHINE HCL,HV,20 MG/ML,471,22,20,NALBUPHINE
,NALBUPHINE HCL,HV,20MG/ML,243,19,20,NALBUPHINE
,NALBUPHINE HCL,HH,20 MG/ML,156,18,20,NALBUPHINE
,NALBUPHINE HCL,HV,10MG/ML,128,18,10,NALBUPHINE
,NALBUPHINE HCL,HV,10 MG/ML,117,15,10,NALBUPHINE
,NALBUPHINE HCL,HH,20MG/ML,80,17,20,NALBUPHINE
,OPIUM,SX,10MG/ML,1762,551,10,OPIUM
,OPIUM,SX,10 MG/ML,1185,393,10,OPIUM
,OPIUM TINCTURE,SX,10 MG/ML,2374,543,10,OPIUM
,OPIUM/BELLADONNA ALKALOIDS,QA,30-16.2MG,957,512,30,OPIUM
,OPIUM/BELLADONNA ALKALOIDS,QA,60-16.2MG,761,479,60,OPIUM
,OXYCODONE HCL,TA,5 MG,683177,202088,5,OXYCODONE
,OXYCODONE HCL,TA,15 MG,156571,16773,15,OXYCODONE
,OXYCODONE HCL,TA,10 MG,141966,30179,10,OXYCODONE
,OXYCODONE HCL,TM,10 MG,126581,30966,10,OXYCODONE
,OXYCODONE HCL,TA,5MG,121809,33110,5,OXYCODONE
,OXYCODONE HCL,TA,30 MG,112280,7258,30,OXYCODONE
,OXYCODONE HCL,TM,20 MG,107636,18719,20,OXYCODONE
,OXYCODONE HCL,TM,10MG,104521,23732,10,OXYCODONE
,OXYCODONE HCL,TM,20MG,92924,16068,20,OXYCODONE
,OXYCODONE HCL,FT,10 MG,54487,13518,10,OXYCODONE
,OXYCODONE HCL,TM,40 MG,51078,5860,40,OXYCODONE
,OXYCODONE HCL,TM,40MG,42816,5343,40,OXYCODONE
,OXYCODONE HCL,CA,5MG,42555,12780,5,OXYCODONE
,OXYCODONE HCL,FT,20 MG,41923,7149,20,OXYCODONE
,OXYCODONE HCL,TM,30 MG,26293,4315,30,OXYCODONE
,OXYCODONE HCL,CA,5 MG,25972,11592,5,OXYCODONE
,OXYCODONE HCL,TM,80 MG,24972,2013,80,OXYCODONE
,OXYCODONE HCL,TA,20 MG,21328,3558,20,OXYCODONE
,OXYCODONE HCL,FT,40 MG,18974,2218,40,OXYCODONE
,OXYCODONE HCL,TM,80MG,16506,1658,80,OXYCODONE
,OXYCODONE HCL,FT,30 MG,16331,2376,30,OXYCODONE
,OXYCODONE HCL,TA,15MG,15419,2770,15,OXYCODONE
,OXYCODONE HCL,TM,15 MG,12179,2790,15,OXYCODONE
,OXYCODONE HCL,TM,60 MG,11411,1647,60,OXYCODONE
,OXYCODONE HCL,SY,20 MG/ML,10254,4304,20,OXYCODONE
,OXYCODONE HCL,FT,15 MG,9456,1836,15,OXYCODONE
,OXYCODONE HCL,SJ,5 MG/5 ML,8486,3620,5,OXYCODONE
,OXYCODONE HCL,FT,80 MG,7982,644,80,OXYCODONE
,OXYCODONE HCL,TA,30MG,7230,923,30,OXYCODONE
,OXYCODONE HCL,FT,60 MG,7070,873,60,OXYCODONE
,OXYCODONE HCL,SY,20MG/ML,6167,2533,20,OXYCODONE
,OXYCODONE HCL,SJ,5MG/5ML,2688,1016,5,OXYCODONE
,OXYCODONE HCL,TM,30MG,1372,474,30,OXYCODONE
,OXYCODONE HCL,TM,60MG,700,200,60,OXYCODONE
,OXYCODONE HCL,TM,15MG,478,222,15,OXYCODONE
,OXYCODONE HCL,TA,10MG,422,237,10,OXYCODONE
,OXYCODONE HCL,SY,20MG/ML(1),106,35,20,OXYCODONE
,OXYCODONE HCL,TA,20MG,74,40,20,OXYCODONE
x,OXYCODONE HCL,PA,100%,51,13,,
,OXYCODONE HCL,FJ,5 MG,22,3,5,OXYCODONE
,OXYCODONE HCL,FJ,7.5 MG,14,5,7.5,OXYCODONE
x,OXYCODONE HCL,TM,160MG,1,1,,
,OXYCODONE HCL/ACETAMINOPHEN,TA,5MG-325MG,1939021,594952,5,OXYCODONE
,OXYCODONE HCL/ACETAMINOPHEN,TA,10MG-325MG,728735,112732,10,OXYCODONE
,OXYCODONE HCL/ACETAMINOPHEN,TA,5 MG-325MG,623480,264999,5,OXYCODONE
,OXYCODONE HCL/ACETAMINOPHEN,TA,7.5-325MG,311857,86404,7.5,OXYCODONE
,OXYCODONE HCL/ACETAMINOPHEN,TA,10MG-650MG,76858,15161,10,OXYCODONE
,OXYCODONE HCL/ACETAMINOPHEN,TA,7.5-500MG,58762,16858,7.5,OXYCODONE
,OXYCODONE HCL/ACETAMINOPHEN,CA,5 MG-500MG,32296,13302,5,OXYCODONE
,OXYCODONE HCL/ACETAMINOPHEN,CA,5MG-500MG,30662,12749,5,OXYCODONE
,OXYCODONE HCL/ACETAMINOPHEN,TA,2.5-325MG,12482,5372,2.5,OXYCODONE
,OXYCODONE HCL/ACETAMINOPHEN,SJ,5-325/5ML,7896,3002,5,OXYCODONE
,OXYCODONE HCL/ACETAMINOPHEN,TA,5MG-500MG,158,46,5,OXYCODONE
,OXYCODONE HCL/ACETAMINOPHEN,LK,7.5-325MG,124,85,7.5,OXYCODONE
,OXYCODONE HCL/ACETAMINOPHEN,TA,10MG-400MG,105,24,10,OXYCODONE
,OXYCODONE HCL/ACETAMINOPHEN,TA,5MG-300MG,77,28,5,OXYCODONE
,OXYCODONE HCL/ACETAMINOPHEN,TA,5 MG-500MG,55,39,5,OXYCODONE
,OXYCODONE HCL/ACETAMINOPHEN,TA,10MG-300MG,44,19,10,OXYCODONE
,OXYCODONE HCL/ACETAMINOPHEN,TA,10MG-500MG,37,25,10,OXYCODONE
,OXYCODONE HCL/ACETAMINOPHEN,TA,7.5-400MG,26,10,7.5,OXYCODONE
,OXYCODONE HCL/ACETAMINOPHEN,TA,7.5-300MG,18,13,7.5,OXYCODONE
,OXYCODONE HCL/ACETAMINOPHEN,TA,5MG-400MG,7,5,5,OXYCODONE
,OXYCODONE HCL/ACETAMINOPHEN,TA,2.5-300MG,4,4,2.5,OXYCODONE
,OXYCODONE HCL/ACETAMINOPHEN,TA,2.5-400MG,2,2,2.5,OXYCODONE
,OXYCODONE HCL/ASPIRIN,TA,4.8355-325,5384,1053,4.8355,OXYCODONE
,OXYCODONE HCL/OXYCODON TER/ASA,TA,4.5-325MG,7192,1965,4.5,OXYCODONE
x,PE/HYDROCODONE/BROMPHEN TANNTS,SC,10-5-6MG/5,4,4,,
x,PE/HYDROCODONE/DEXBROMPHENIRMN,SL,5-2.5-1/5,80,65,,
,PENTAZOCINE HCL/ACETAMINOPHEN,TA,25-650MG,4988,1226,25,PENTAZOCINE
,PENTAZOCINE HCL/NALOXONE HCL,TA,50MG-0.5MG,8585,2311,50,PENTAZOCINE
,PENTAZOCINE HCL/NALOXONE HCL,TA,50-0.5MG,6804,1890,50,PENTAZOCINE
,PENTAZOCINE LACTATE,HH,30MG/ML,3,2,30,PENTAZOCINE
,PENTAZOCINE LACTATE,HV,30MG/ML,3,1,30,PENTAZOCINE
,PENTAZOCINE LACTATE,HH,30 MG/ML,1,1,30,PENTAZOCINE
x,P-EPHED HCL/COD/CHLORPHENIR,SL,30-10-2/5,836,484,,
x,P-EPHED HCL/CODEINE/GUAIFEN,ST,30-10-100,439,341,,
x,P-EPHED HCL/CODEINE/GUAIFEN,TA,40-10-400,1,1,,
x,P-EPHED HCL/CODEINE/GUAIFEN,TA,60-10-400,1,1,,
x,P-EPHED HCL/HYDROCODONE,SJ,60-5MG/5ML,6,6,,
x,P-EPHED HCL/HYDROCODONE BIT,ST,15-3MG/5ML,94,77,,
x,P-EPHED HCL/HYDROCODONE BIT,TA,60-5MG,31,8,,
x,P-EPHED HCL/HYDROCODONE BIT,SJ,60-5MG/5ML,16,15,,
x,P-EPHED HCL/HYDROCODONE/BPM,SJ,30-1.7-2/5,375,230,,
x,P-EPHED HCL/HYDROCODONE/BPM,SL,15-2.5-2/5,299,195,,
x,P-EPHED HCL/HYDROCODONE/BPM,ST,30-2.5-3/5,130,97,,
x,P-EPHED HCL/HYDROCODONE/BPM,SL,15-2.5-3/5,8,4,,
x,P-EPHED HCL/HYDROCODONE/BPM,ST,30-2.5-2/5,5,5,,
x,P-EPHED HCL/HYDROCODONE/CP,ST,30-2.5-2/5,714,427,,
x,P-EPHED HCL/HYDROCODONE/CP,SL,30-5-2MG/5,560,346,,
x,P-EPHED HCL/HYDROCODONE/CP,CM,30-5-2MG,141,104,,
x,P-EPHED HCL/HYDROCODONE/CP,SL,15-3-2/5,114,83,,
x,P-EPHED HCL/HYDROCODONE/CP,SL,40-5-4MG/5,37,35,,
x,P-EPHED HCL/HYDROCODONE/CP,TA,60-5-4MG,3,2,,
x,P-EPHED HCL/HYDROCODONE/CP,SL,17.5-1.67,1,1,,
x,PHENYLEPHRINE HCL/COD/PROMETH,ST,5-10-6.25,1854,1166,,
x,PHENYLEPHRINE HCL/CODEINE,SL,7.5-10MG/5,1,1,,
x,PHENYLEPHRINE HCL/CODEINE PHOS,SL,7.5-10MG/5,6,5,,
x,PHENYLEPHRINE/DHCODEINE BT/CP,ST,7.5-3-2/5,152,107,,
x,PHENYLEPHRINE/DHCODEINE BT/CP,ST,20-3-5MG/5,21,16,,
x,PHENYLEPHRINE/DHCODEINE BT/CP,SL,5-7.25-2/5,4,4,,
x,PHENYLEPHRINE/DHCODEINE BT/CP,SL,4-6.5-2/5,1,1,,
x,PHENYLEPHRINE/DM/ACETAMINOP/GG,TA,5-325-200,2,2,,
x,PHENYLEPHRINE/HCOD TAN/DPHA,SC,7.5-3.5-25,42,35,,
x,PHENYLEPHRINE/HYDROCODONE/CP,ST,5-2.5-2,1693,1126,,
x,PHENYLEPHRINE/HYDROCODONE/CP,ST,7.5-2-2/5,892,603,,
x,PHENYLEPHRINE/HYDROCODONE/CP,ST,10-5-2MG/5,647,390,,
x,PHENYLEPHRINE/HYDROCODONE/CP,ST,10-2.5-2/5,464,341,,
x,PHENYLEPHRINE/HYDROCODONE/CP,SL,5-5-2MG/5,223,156,,
x,PHENYLEPHRINE/HYDROCODONE/CP,ST,5-1.67-2/5,195,135,,
x,PHENYLEPHRINE/HYDROCODONE/CP,ST,7.5-3.5-2,144,97,,
x,PHENYLEPHRINE/HYDROCODONE/CP,ST,10-2.5-4,67,47,,
x,PHENYLEPHRINE/HYDROCODONE/CP,ST,5-6-2MG/5,60,48,,
x,PHENYLEPHRINE/HYDROCODONE/CP,ST,5-5-2MG/5,17,13,,
x,PHENYLEPHRINE/HYDROCODONE/CP,SL,7.5-5-3/5,9,8,,
x,PHENYLEPHRINE/HYDROCODONE/CP,ST,8-3.5-2.5,9,8,,
x,PHENYLEPHRINE/HYDROCODONE/CP,SL,12-6-2MG/5,2,2,,
x,PHENYLEPHRINE/HYDROCODONE/CP,SL,5-1.67-2/5,2,2,,
x,PHENYLEPHRINE/HYDROCODONE/CP,SJ,8-3.25-2.5,1,1,,
x,PHENYLEPHRINE/HYDROCODONE/CP,ST,10-3.5-2.5,1,1,,
x,PHENYLEPHRINE/HYDROCODONE/D-CP,SL,5-4-2MG/5,72,60,,
x,PHENYLEPHRINE/HYDROCODONE/D-CP,SL,5-2-1MG/5,13,12,,
x,PHENYLEPHRINE/HYDROCODONE/DPHA,ST,7.5-2-12.5,1033,688,,
x,PHENYLEPHRINE/HYDROCODONE/DPHA,ST,5-3.5-12.5,3,2,,
x,PHENYLEPHRINE/HYDROCODONE/PYR,ST,5-1.66MG/5,831,494,,
x,PHENYLEPHRINE/HYDROCODONE/PYR,ST,5-5-5MG/5,74,52,,
x,PHENYLEPHRINE/HYDROCODONE/PYR,ST,5-2-8.33/5,54,34,,
x,PHENYLEPHRINE/HYDROCODONE/PYR,SJ,3.5-12.5/5,33,16,,
x,PHENYLEPHRINE/HYDROCODONE/PYR,SL,5-6-12MG/5,26,23,,
x,POT GUAIACO/HYDROCODONE BIT,ST,400-5MG/5,228,164,,
x,POT GUAIACO/HYDROCODONE BIT,ST,120-2.5/5,150,86,,
x,POT GUAIACO/HYDROCODONE BIT,ST,150-3MG/5,79,64,,
x,POT GUAIACO/HYDROCODONE BIT,ST,300-5MG/5,69,42,,
x,POT GUAIACO/HYDROCODONE BIT,ST,300-4.5/5,58,47,,
x,POT GUAIACO/HYDROCODONE BIT,ST,350-3MG/5,58,37,,
x,POT GUAIACO/HYDROCODONE BIT,ST,350-5MG/5,30,24,,
x,POT GUAIACO/HYDROCODONE BIT,SJ,300-5MG/5,5,5,,
x,POT GUAIACO/HYDROCODONE BIT,ST,175-2.5/5,2,2,,
x,PROMETHAZINE HCL/CODEINE,ST,6.25-10/5,8747,6307,,
x,PROMETHAZINE/DEXTROMETHORPHAN,ST,6.25-15/5,204,149,,
x,PROMETHAZINE/PHENYLEPH/CODEINE,ST,6.25-5-10,763,578,,
,PROPOXYPHENE HCL,CA,65MG,37991,8933,65,PROPOXYPHENE
,PROPOXYPHENE HCL,CA,65 MG,21369,5545,65,PROPOXYPHENE
,PROPOXYPHENE HCL/ACETAMINOPHEN,TA,65-650MG,13578,3153,65,PROPOXYPHENE
,PROPOXYPHENE HCL/ACETAMINOPHEN,TA,65MG-650MG,5373,1354,65,PROPOXYPHENE
,PROPOXYPHENE HCL/ASA/CAFFEINE,CA,65-389,132,75,65,PROPOXYPHENE
,PROPOXYPHENE NAPSYL,TA,100MG,2785,978,100,PROPOXYPHENE
,PROPOXYPHENE NAPSYL,TA,100 MG,1349,498,100,PROPOXYPHENE
,PROPOXYPHENE/ACETAMINOPHEN,TA,100-650MG,1661303,406689,100,PROPOXYPHENE
,PROPOXYPHENE/ACETAMINOPHEN,TA,100-650 MG,892993,255518,100,PROPOXYPHENE
,PROPOXYPHENE/ACETAMINOPHEN,TA,50MG-325MG,31391,14571,50,PROPOXYPHENE
,PROPOXYPHENE/ACETAMINOPHEN,TA,100-500MG,5129,2111,100,PROPOXYPHENE
,PROPOXYPHENE/ACETAMINOPHEN,TA,100-325MG,4501,1732,100,PROPOXYPHENE
x,PSEUDOEPH/DM/GUAIFEN/ACETAMIN,TA,60-20-500,138,109,,
x,PSEUDOEPH/DM/GUAIFEN/ACETAMIN,SL,60-650/30,1,1,,
x,PSEUDOEPHED/HYDROCODONE/CPM,SJ,60-5-4MG/5,154,121,,
x,PSEUDOEPHEDRINE HCL/CODEINE,CA,60-20MG,28,9,,
x,PSEUDOEPHEDRINE HCL/CODEINE,SL,30-10MG/5,16,16,,
x,PYRIL MA/PE/CODEINE PHOS,SL,8.33-5-9/5,13,11,,
x,PYRIL MA/PE/CODEINE PHOS,SL,5-5-10MG/5,8,4,,
x,PYRILAMINE/PE/DEXTROMETHORPHAN,SL,8.33-5-10,75,41,,
x,PYRILAMINE/PE/DEXTROMETHORPHAN,SL,12.5-7.5/5,26,21,,
x,PYRILAMINE/PE/DEXTROMETHORPHAN,SC,16-5-15/5,1,1,,
,TAPENTADOL HCL,TA,50 MG,12316,5032,50,TAPENTADOL
,TAPENTADOL HCL,TA,75 MG,3911,1204,75,TAPENTADOL
,TAPENTADOL HCL,TA,100 MG,3692,781,100,TAPENTADOL
,TAPENTADOL HCL,TM,100 MG,3318,942,100,TAPENTADOL
,TAPENTADOL HCL,TM,50 MG,3078,995,50,TAPENTADOL
,TAPENTADOL HCL,TM,150 MG,1576,350,150,TAPENTADOL
,TAPENTADOL HCL,TM,200 MG,1021,192,200,TAPENTADOL
,TAPENTADOL HCL,TM,250 MG,427,71,250,TAPENTADOL
,TAPENTADOL HYDROCHLORIDE,TA,50 MG,1266,826,50,TAPENTADOL
,TAPENTADOL HYDROCHLORIDE,TA,75 MG,358,190,75,TAPENTADOL
,TAPENTADOL HYDROCHLORIDE,TA,100 MG,239,105,100,TAPENTADOL
,TRAMADOL HCL,TA,50 MG,5995060,1015673,50,TRAMADOL
,TRAMADOL HCL,TA,50MG,1227946,252645,50,TRAMADOL
,TRAMADOL HCL,TI,100 MG,37041,9851,100,TRAMADOL
,TRAMADOL HCL,TI,200 MG,28340,5155,200,TRAMADOL
,TRAMADOL HCL,TI,100MG,23592,9100,100,TRAMADOL
,TRAMADOL HCL,TI,200MG,12892,4672,200,TRAMADOL
,TRAMADOL HCL,TI,300 MG,8526,1466,300,TRAMADOL
,TRAMADOL HCL,TI,300MG,2804,903,300,TRAMADOL
,TRAMADOL HCL,UP,100 MG,1445,540,100,TRAMADOL
,TRAMADOL HCL,UP,200 MG,880,344,200,TRAMADOL
,TRAMADOL HCL,UP,300 MG,592,219,300,TRAMADOL
,TRAMADOL HCL,DL,100 MG,324,106,100,TRAMADOL
,TRAMADOL HCL,UL,50 MG,266,150,50,TRAMADOL
,TRAMADOL HCL,DL,200 MG,154,52,200,TRAMADOL
,TRAMADOL HCL,DN,300 MG,92,20,300,TRAMADOL
x,TRAMADOL HCL,PA,100%,15,4,,
,TRAMADOL HCL/ACETAMINOPHEN,TA,37.5-325MG,814672,168895,37.5,TRAMADOL
